<resources>
   <!-- UTF-8を保証する文字列。 Don't delete this comment.-->   
   <string-array name="lengthUnitKey">
     <item>Metric</item>
     <item>Mile</item>                
  </string-array>
    
     <string-array name="historyEditCategory">
      <item >Practice</item>
      <item >Commuting</item>
      <item >Walk</item>
      <item >Race</item>
      <item >Editing</item>
      <item >Other</item>
  </string-array>

  <string-array name="stepSensitivityKey">
      <item >Very High</item>
      <item >High</item>
      <item >Normal</item>
  </string-array>
     
    
   
    
</resources>