<resources>     
    <!-- UTF-8を保証する文字列。 Don't delete this comment.-->  
    <string-array name="startTabFAQ">
        <item>How to use it</item>
        <item>First, please press jogging button.Then this application to start the recording process, please running you.After you have finished running, please press the close button.</item>        
    </string-array>
    
    <string-array name="journeyTabFAQ">
        <item>How to use it</item>
        <item>The value which walked by record processing is reflected to this screen.</item>
        
        <item>The distance of a Record tab and the distance of a Journey tab are not in agreement.</item>
        <item>In a journey tab, it is added several times from an actual distance by a speed magnification system. This magnification can be adjusted. </item>
        
        <item>Google Street View is not displayed. </item>
        <item>GoogleStreetView acquires data from the server of Google suitably. Therefore, when a network is interruption, it is not displayed correctly. </item>       
    </string-array>
  
    <string-array name="photoStudioTabFAQ">
        <item>How to use it</item>
        <item>The value which walked by record processing is reflected to this screen.</item>
               
        <item>I want to erase the photo.</item>
        <item>Please touch a photograph to erase by the photograph list on a screen for several seconds. After that, new command screen appears, please choose Delete.</item>
        
        <item>I want to edit the photo.</item>
        <item>Please touch a photograph to erase by the photograph list on a screen for several seconds. After that, new command screen appears, please choose Edit.</item>
    </string-array>
    
     <string-array name="rankingTabFAQ">
        <item>How to use it</item>
        <item>On this screen, the history of record processing and its data are reflected. In the left column are mean ranking. In the right column means quota achievement.</item>
        
        <item>Please tell me the measurement time of 1 km of the ranking calculation.</item>
        <item>For example, if you ran a 1.5 km, 1 km reach at time of 1 km ranking registers.</item>      
    </string-array>
    
    <string-array name="historyTabFAQ">      
        <item>How to use it</item>
        <item>Upper dialog is history sort.</item>
                
        <item>I want to erase the data of history.</item>
        <item>Please touch a history to erase by the history list on a screen for several seconds. After that, new command screen appears, please choose Delete.</item>
        
        <item>I want to edit the data of history.</item>
        <item>Please touch a history to edit by the history list on a screen for several seconds. After that, new command screen appears, please choose Edit.</item>
        
        <item>I want to see food list calories consumed.</item>
        <item>Please touch a history to edit by the history list on a screen for several seconds. After that, new command screen appears, please choose Edit.</item>
    </string-array>    
    
    <string-array name="recordActivityFAQ">           
        <item>Map is not displayed</item>
        <item>You need to "Google developer services" has been installed in your terminal.Please press the button "Getting Play developer services" by the recording tab.</item>
        
        <item>What is the difference between a red line and a black line?</item>
        <item>The black line shows that the position is continuously recorded by GPS.The red line shows that the GPS can not be temporarily acquired, you have warp.</item>
        
        <item>Is record processing performed in the background? </item>
        <item>If you started the recording process by pressing the circle button, and then runs in the background.If you exit the recording process by pressing the close button, a background process is terminated.</item>
        
        <item>I have disabled the GPS work on my computer, but why this application can do calculate the distance?</item>
        <item>First, this application will calculate the number of steps by the acceleration sensor. Then, the application calculates the distance from the stride and number of steps.</item>
        
        <item>What is the data which cannot acquire GPS in the repealed environment? </item>
        <item>location,height</item>
        
        <item>Recording process is not reflected by bicycle.</item>
        <item>This application is kept from adding distance, when there is no shake. </item>
        
        <item>What do the protected field of a history edit screen mean?</item>
        <item>If true, during optimization of data, this field will not be automatically deleted.</item>
    </string-array>    
          
    <string-array name="historyAllActivityFAQ">
        <item>How to use it</item>
        <item>The value which walked by record processing is reflected to this screen.</item>
        
        <item>What is star mean?</item>
        <item>The value means the number of cities you have visited in the journey.</item>
        
        <item>Total number of stars and the number of stars in the upper right corner is different.</item>
        <item>The value of the course abolished in the previous version is mixing. However, do not worry because there is not influence in the movement of the program.</item>
     </string-array>
    
    <string-array name="settingActivityFAQ">
        <item>Where is the backup of data stored?</item>
        <item>In the server are backed up to Google. In external storage is stored in net.funbari.eleg folder</item>
    </string-array>   
    
    <string-array name="migrationFAQ">
        <item>Prepaire</item>
        <item>\n
1.Old Phone:Please press  "Setting->Data->Backup(External Storage)".\n
2.Old Phone:Please restart your phone.\n
3.Old Phone:Please connect your phone with your PC by USB device.\n
4.Old Phone:Please copy "Pictures/Eleg" "net.funbari.eleg" folder to your PC.\n
5.New Phone:Please connect your phone with your PC by USB device.\n
6.New Phone:Please copy "Pictures/Eleg","net.funbari.eleg" to your phone
</item>
        
        <item>Restore(Setup Screen)</item>
        <item>Please Press [Data Migration] Button</item>

        <item>Restore(Main Screen)</item>
        <item>Please press Setting->Data->Restore(ExternalStorage)</item>                           
    </string-array>
    
    <string-array name="etcFAQ">
        <item>Translate Volunteer.Please give me cooperation.The procedure is as follows.</item>
        <item>\n
1.Please switch on your PC.\n
\n
2.Please download the following address file in PC browser.\n
http://funbari.net/eleg/elng.zip\n
\n
3. Please unzip the compressed file,edit the file under the directory for each language.\n
3.A. If you edit the language listed (ex English)\n
Edit files under "elng/english/"\n
\n
3.B. If you edit the language not listed.(ex Chinese)\n
Copy "elng/english" to "elng/chinese",and edit files under "elng/chinese/".\n
\n
4. Please send "elng.zip" to the following e-mail address after compression "elng/".\n
\n
sukiyaki075@gmail.com
</item>
               
        <item>My phone is battery intensive.</item>
        <item>Please change the measurement method on record setting screen.</item>
        
        <item>About advanced course</item>
        <item>When you make a goal in the course of the journey, the advanced course appears.Travel Speed range up to 1.0 in This mode. And this mode is the reverse Sprint course in normal mode</item>
     
        <item>About use Intent</item>
        <item>\n
android.permission.INTERNET ---- Use to draw the GoogleMap　\n
android.permission.READ_EXTERNAL_STORAGE ---- Use to read the GoogleMap is cache,music,photo,backup file　\n
android.permission.WRITE_EXTERNAL_STORAGE ---- Use to write the Google Map is cache,music,photo,backup file \n
android.permission.ACCESS_FILE_LOCATION  ---- Use to get GPS location \n
android.permission.ACCESS_NETWORK_STATE ---- Use to draw Google Map \n
permission.MAPS_RECIEVE --- Use to draw the GoogleMap
</item>

        <item>About Translation</item>
        <item>Since translation software is used ,translation is not exact. Translating volunteer please </item>
        
        <item>What can using Twitter,or Facebook with this app?</item>
        <item>Run report upload,photo upload</item>

        <item>Promise 1</item>
        <item>The country where the number of effective installations exceeded 10,000 adds the course of the country.</item>
               
        <item>Promise 2</item>
        <item>If the instlation when the number exceeded 100,000, I will add a network function.Network rankings etc.</item>
        
        <item>Promise 3</item>
        <item>If the installation when the number exceeded 1,000,000,I will hold an event in this app</item>                
    </string-array>
</resources>