<?xml version="1.0" encoding="utf-8"?>
<resources>
    <!-- UTF-8を保証する文字列。 Don't delete this comment.-->
    <!-- Message -->    
    <string name="msgStreetViewNotFound">Where this app are looking for could not be found, so it was the location of nearby.</string>	
   	<string name="msgClear">Clear?</string>    
   	<string name="msgRestoreConfirm">Discards all the current data, and then restore the data. Would you like?</string>
   	<string name="msgPleaseSNSAuthentication">Please Authentication on Setting Screen</string>
    
    <!--  word -->
   <string name="confirmDialog">Confirm</string>
    <string name="messageDialog">Message</string>
    <string name="choiceDialog">Choice</string>    
    <string name="success">Success</string>
    <string name="fail">Fail</string>     
    <string name="playing">Playing</string>
	<string name="pausing">Pausing</string>
    <string name="shuffle">Shuffle</string>
    <string name="enable">Enable</string>
    <string name="disable">Disable</string>
    <string name="funbari">Funbari Kobo</string>
	<string name="record">Record</string>
	<string name="jouerney">Journey</string>
	<string name="music">Music</string>
	<string name="data">Data</string>
	<string name="setting">Setting</string>
    <string name="currentPosition">Current Position</string>
    <string name="year">Year</string>
    <string name="month">Month</string>
    <string name="day">Day</string>
    <string name="distance">Distance</string>
    <string name="step">Step</string>
    <string name="date">Date</string>
    <string name="edit">Edit</string>
    <string name="delete">Delete</string>
    <string name="menu">Menu</string>
    <string name="attitude">Attitude</string>
   	<string name="velocity">Velocity</string>
   	<string name="calorie">Calorie</string>
   	<string name="time">Time</string>
   	<string name="quota">Quota</string>   	
	<string name="logout">Logout</string>
	<string name="login">Login</string>	
	<string name="recording">Recording</string>
    <string name="check">Check</string>
    <string name="debug">Debug</string>
	<string name="category">Category</string>
	<string name="description">Description</string>
	<string name="protect">Protect</string>
	<string name="save">Save</string>
	<string name="status">Status</string>		
	<string name="change">Change</string>	
	<string name="accuracy">Accuracy</string>
	<string name="restDistance">Rest distance</string>		
	<string name="backup">Backup</string>
	<string name="restore">Restore</string>
	<string name="server">Server</string>
	<string name="externalStorage">External storage</string>	
	<string name="heavy">Heavy</string>        
	<string name="tall">Tall</string>
	<string name="autoBackup">Auto backup</string>	
	<string name="autoFinish">Auto finish</string>	
	<string name="saveHistoryMax">Save history max</string>	
	<string name="midAtribute">AVG attribute</string>
	<string name="markerNum">Marker num</string>	
	<string name="course">Course</string>
	<string name="clearAllData">Clear All Data</string>
	<string name="startDate">Start date</string>
	<string name="enddate">End date</string>
	<string name="cheer">Cheer</string>
	<string name="nextCheckPoint">Next Check Point</string>	
	<string name="normaPercent">Quota percent</string>
	<string name="lengthUnit">Length unit</string>	
	<string name="streetView">Street view</string>
	<string name="detail">Detail</string>
	<string name="map">Map</string>
	<string name="setup">Setup</string>	
	<string name="authentication">Authentication</string>
	<string name="screenShot">Screen shot</string>
	<string name="speedRatio">x</string>
	<string name="begginer">Begginner</string>
	<string name="normal">Normal</string>
	<string name="littleHard">Little hard</string>
	<string name="hard">Hard</string>
	<string name="veryHard">PEIKAN</string>
	<string name="picture">Picture</string>	
	<string name="scale">Scale</string>
	<string name="rank">Rank</string>
	<string name="general">General</string>
	<string name="networkDisconnected">Network Disconnected</string>
    <string name="warp">Warp</string>
    <string name="convert">Convert</string>
    <string name="maxDistance">Max Distance</string>
    <string name="etc">Etc</string>
    <string name="backupCount">Backup Count</string>    
    <string name="autoSave">Auto Save</string>  
    <string name="mainSetting">Main Setting</string>  
    <string name="onlySettingClear">Only Main Setting clear</string>
    <string name="networkSetting">Network Setting</string>
    <string name="reCheck">Recheck</string>
    <string name="checkFinished">Check Finished</string>
    <string name="apply">Apply</string>
    <string name="velocityScale">Velocity Scale</string>
    <string name="min">Min</string>
    <string name="max">Max</string>
    <string name="grade">Grade</string>
    <string name="chart">Chart</string>
    <string name="history">History</string>
    <string name="welcome">Welcom</string>
    <string name="configData">Data List</string>
    <string name="display">Display</string>
    <string name="bugReport">Bug report</string>
    <string name="typo">Typo</string>
    <string name="demand">Demand</string>
    <string name="translatedCooperation">Translated Cooperation</string>
    <string name="other">Other</string>
    <string name="send">Send</string>
    <string name="start">Start</string>
    <string name="impression">Impression</string>
    <string name="recordFinish">Record Finish</string>
    <string name="graph">Graph</string>
    <string name="jogging">Jogging</string>
    <string name="walking">Walking</string>
    <string name="ranking">Ranking</string>
    <string name="activity">Activity</string>
    <string name="sort">Sort</string>
    <string name="tab">Tab</string>
    <string name="activity">Activity</string>
    <string name="cycling">Cycling</string>
    <string name="quake">Quake</string>
    <string name="lapTime">LapTime</string>
    <string name="aveVelocity">Ave Velocity</string>
    <string name="maxVelocity">Max Velocity</string>
    <string name="aveLapTime">Ave Lap Time</string>
    <string name="minLapTime">Min Lap Time</string>
    <string name="aveAltitude">Ave Altitude</string>
    <string name="totalStep">Total Step</string>
    <string name="totalDistance">Total Distance</string>
    <string name="newUser">For New User</string>  
    <string name="existingUser">For Existing User</string>      
    <string name="dataMigration">Data Migration</string>
    <string name="dataMigrationHelp">Data Migration Help</string>
    <string name="welcome">Welcome</string>      
    <string name="discard">Discard</string>
    <string name="pedometer">Pedometer</string>
    <string name="all">All</string>
    <string name="MeasuringMethod">Measuring Method</string>
    <string name="normal">Normal</string>
    <string name="little">Little</string>
    <string name="veryLittle">Very Little</string>
    <string name="enable">Enable</string>
    <string name="disable">Disable</string>
    <string name="batteryConsumption">Battery Consumption</string>
    <string name="location">Location</string>
    <string name="autoFinishTime">Auto Finish Time</string>
    
   	<!-- mail -->
	<string name="mailBugReport">[Screen Name or Tab Name]\n\n\n[Procedure]\n\n\n[Input Data]\n\n\n[Error Message]\n</string>
	<string name="mailRequest">[Want function]\n\n\n</string>
	<string name="mailMissWrite">[Wrong => Correct]\nex)Tets => Test\n</string>
	<string name="mailImpression">[Impression]\nex)Are you human?\n=> y\n----------------------\nAre you satisfied with the functionality of this app?\n=>\nAre you satisfied with a feeling of use of this app?\n=>\nAre you satisfied with battery of this app?\n=>\nAre you satisfied with speed of this app?\n=>\n</string>		
	<string name="funbariMailButton">E-mail to Funbari kobo</string>
	<string name="funbariMailDescription">bug report,description mistake,the recruitment of volunteers translation.</string>
</resources>