<?xml version="1.0" encoding="utf-8"?>
<resources>
    <!-- UTF-8を保証する文字列。 Don't delete this comment.-->  
    <!-- Screen Name -->
    <string name="historyEdit">History Edit</string>            
    <string name="historyAll">History All</string>            
    <string name="historyIndex">History Index</string>            
    <string name="historyGraph">History Graph</string>
    <string name="observationPoint">observation Point</string>                    
    <string name="checkMap">Check Map</string>            
    <string name="stepSensitivity">Step Sensivity</string>
    <string name="pedoAndGPS">Pedometer and GPS(Default)</string>
    <string name="recordSetting">Record Setting</string>
    
    <!-- Message -->
	<string name="msgHisIndexDelete">You can not delete the protected mode.</string>
	<string name="msgHisIndexDeleteRankin">If you delete the data contained in the rankings, it is excluded from the rankings. Are you sure that you want to delete?</string>
    <string name="msgFoodExample">As a result of expression in food,</string>	
    <string name="msgRankinFirst">You have ranked in the ranking of the %s.</string>
   	<string name="msgMusicDirectoryNoneFile">Please put the music in the Music/ folder.</string>
	<string name="msgNetworkStateError">Error：Network Disconnected.\n Proposal:Located on the above, press the "Network Setting" button, please enable network.</string>
	<string name="msgGoogleServiceCheckStateError">Error：Google Service not installed.\n Proposal： Located on the above, press on the "Google Play Service", please install the Google service.</string>
	<string name="msgPleaseTeminateRecord">Recording progress now.How would you do this process?</string>
	<string name="msgNeedGPS">You can only select GPS mode In this activity.</string>
	<string name="msgPleseEnableGPS">Please enabled GPS Setting.</string>

   	<!-- setting -->
	<string name="prefAutoBackupSummary">This setting sets the automatic backup to a server of Google.</string>
	<string name="prefHeavyTextSummary">This setting is the value to be used in calorie counting. Please enter in kg.</string>
	<string name="prefTallTextSummary">This setting is used for distance calculation when GPS is not available.Please enter in cm.</string>
	<string name="prefSaveTimeSummary">This setting sets the interval of auto save the recording process.</string>
	<string name="prefGpsTimeSummary">This setting sets the recording interval of GPS.Please enter in seconds.</string>
	<string name="prefHistoryMaxSummary">This setting sets the maximum number for the history.It is removed from the old file if it exceeds the specified number.In addition, the history that is protected is not deleted.</string>
	<string name="prefAccuracySummary">This Setting is error filter of GPS. Accuracy will be better enough to reduce this value, but the acquisition rate will decrease.</string>
	<string name="prefLengthUnitSummary">This Setting to change the miles notation or metric notation.</string>		
	<string name="prefGoalDistanceSummary">This setting sets the number of distance(m) of the quota.In addition, flower circle represents 100% with respect to the target. Double circle represents the 50 percent. Circle represents the 1%.</string>
	<string name="prefGPSDistanceSummary">This setting is the shortest distance of the GPS.</string>
	<string name="prefWarpSummary">Distance to determine the discontinuity in GPS measurement time.</string>
	<string name="prefBackupCountSummary">This setting specifies when you can back up to each perform a certain number of times the recording process, the threshold value</string>
	<string name="prefStepSensitivitySummary">This setting step sensitivity.</string>
	<string name="prefObservationPointSummary">This setting observation Point</string>
</resources>