<?xml version="1.0" encoding="utf-8"?>
<resources>
    <!-- UTF-8を保証する文字列。 Don't delete this comment.-->  
    <!-- Word-->
    <string name="journeyLerpTime">Journey Lerp Time</string>
    <string name="journeySpeedScale">Journey Velocity Scale</string>
    <string name="journeyStar">Journey Star</string>
    <string name="journeySetPosition">Journey Set Position</string>
    <string name="journeySetMain">Journey Set Main</string>
    <string name="journeySetMode">Journey Mode</string>
   	<string name="photoStudio">Photo Studio</string>   	
   	<string name="journeyAll">Journey All</string>
   	<string name="upClass">Advance</string>
   	<string name="nextGrade">Next Grade Star</string>
	<string name="photoEdit">Photo Edit</string>   	   	
    <string name="selectCourse">Select Course</string>  
    <string name="updatePhotos">Updated photos</string>     	   	 
	
	<!-- Regions -->	
	<string name="hawaii">Hawaii</string>
	<string name="japan">Japan</string>
	<string name="shikoku">Shikoku In Japan</string>
	<string name="uk">United Kingdom</string>
	<string name="earth">Earth</string>
	<string name="australia">Australia</string>
	<string name="safrica">Republic of South Africa</string>
	<string name="america">United States of America</string>
	<string name="brasil">Brasil</string>
	<string name="europa">Europa</string>
		
  	<!-- Word -->	
	<string name="welcomText">Thank you for installing this app.\n First, make the required settings.</string>
	<string name="screenShotExceptionText">This screenshot needs to be the black-out by the environment.</string>
	<string name="welcomeConfirmMap">Step1:Environment Check</string>
	<string name="welcomCourseText">Step2:Please select the country or region you want to your journeｙ.</string>
		
	<!-- confMain -->
    <string name="confMainDataDescription">data restore,data initialization,data backup.</string>
    <string name="confMainSetVirtualDescription">You will move to the checkpoints already visited in journey.</string>	     
    
	<!--  Message -->
	<string name="msgMainFinish">Do you want to finish this app?</string>
	<string name="msgDataToServer">After a specified period of time, the data is backed up to the server.</string>
	<string name="msgConfMainRecordFail">Because you are running the recording process, setting items are limited.</string>
	<string name="msgVirtualMapNext">Congratulations. You have go to the next checkpoint.</string>
	<string name="msgOnGall">You\'re goal already.</string>
	<string name="msgConvertButton">Users who have installed this app on 9/24 or earlier, please touch this field.</string>
	<string name="msgDeleteJourneyCourse">Delete select course?</string>
	
	<!-- pref -->
	<string name="prefJourneyLerpTimeSummary">This setting specifies the interpolation time of the journey.Please enter the number of seconds.</string>
	
	<!--  Grade -->
	<string name="jog1">KANPEI</string>
    <string name="jog2">Runner legend</string>
    <string name="jog3">Runner emperor</string>
    <string name="jog4">Runner Prime Minister</string>
    <string name="jog5">Runner of the Metropolis No.1</string>
    <string name="jog6">Runner of the city No.1</string>
    <string name="jog7">Runner of the village No.1</string>  
   	<string name="jog8">Love running</string>     
    <string name="jog9">Senior runner</string>
    <string name="jog10">Intermediate runner</string>
    <string name="jog11">Beginner runner</string>  
    <string name="app_name">Jogging Journey In The World</string>
</resources>